timestamp,seconds_since_start,latitude,longitude,altitude
2025-03-13 13:20:33.846,0.027613,43.0298707,-81.2929824,277.94
2025-03-13 13:20:33.861,0.043027,43.0298707,-81.2929825,277.94
2025-03-13 13:20:33.876,0.058031,43.0298708,-81.2929825,277.94
2025-03-13 13:20:33.898,0.080042,43.0298708,-81.2929825,277.93
2025-03-13 13:20:33.913,0.09516,43.0298707,-81.2929824,277.92
2025-03-13 13:20:34.005,0.186636,43.0298707,-81.2929821,277.92
2025-03-13 13:20:34.244,0.426087,43.0298707,-81.292982,277.92
2025-03-13 13:20:34.485,0.667335,43.0298707,-81.2929819,277.92
2025-03-13 13:20:34.724,0.906295,43.0298708,-81.2929819,277.92
2025-03-13 13:20:34.964,1.146454,43.029871,-81.2929819,277.93
2025-03-13 13:20:35.204,1.386292,43.0298711,-81.292982,277.94
2025-03-13 13:20:35.444,1.626334,43.0298711,-81.292982,277.94
2025-03-13 13:20:35.684,1.865797,43.0298711,-81.292982,277.94
2025-03-13 13:20:35.933,2.114645,43.0298711,-81.292982,277.94
2025-03-13 13:20:36.164,2.346369,43.0298711,-81.2929821,277.94
2025-03-13 13:20:36.404,2.586324,43.029871199999995,-81.2929822,277.94
2025-03-13 13:20:36.644,2.82648,43.029871199999995,-81.2929824,277.95
2025-03-13 13:20:36.885,3.06676,43.029871199999995,-81.2929825,277.95
2025-03-13 13:20:37.124,3.305877,43.029871299999996,-81.2929825,277.96
2025-03-13 13:20:37.364,3.546448,43.0298714,-81.2929824,277.96
2025-03-13 13:20:37.604,3.785674,43.0298716,-81.29298229999999,277.95
2025-03-13 13:20:37.844,4.026117,43.0298716,-81.2929821,277.95
2025-03-13 13:20:38.085,4.266657,43.0298717,-81.2929819,277.95
2025-03-13 13:20:38.324,4.505614,43.029871799999995,-81.29298179999999,277.95
2025-03-13 13:20:38.573,4.754809,43.0298717,-81.2929821,277.94
2025-03-13 13:20:38.803,4.98547,43.0298717,-81.2929822,277.94
2025-03-13 13:20:39.043,5.22538,43.0298717,-81.2929821,277.93
2025-03-13 13:20:39.284,5.466139,43.0298717,-81.2929821,277.92
2025-03-13 13:20:39.524,5.706028,43.0298717,-81.292982,277.91
2025-03-13 13:20:39.764,5.945919,43.0298717,-81.29298179999999,277.91
2025-03-13 13:20:40.004,6.185574,43.029871799999995,-81.29298159999999,277.91
2025-03-13 13:20:40.243,6.42547,43.029871799999995,-81.2929815,277.92
2025-03-13 13:20:40.483,6.665354,43.029871899999996,-81.2929813,277.93
2025-03-13 13:20:40.723,6.905293,43.029872,-81.29298089999999,277.94
2025-03-13 13:20:40.963,7.145404,43.0298721,-81.2929808,277.95
2025-03-13 13:20:41.213,7.395087,43.0298722,-81.2929808,277.95
2025-03-13 13:20:41.443,7.62519,43.0298723,-81.2929805,277.96
2025-03-13 13:20:41.683,7.865197,43.0298722,-81.29298039999999,277.96
2025-03-13 13:20:41.923,8.105388,43.0298721,-81.2929803,277.96
2025-03-13 13:20:42.163,8.345228,43.029871899999996,-81.2929803,277.96
2025-03-13 13:20:42.403,8.585135,43.029871899999996,-81.2929803,277.96
2025-03-13 13:20:42.643,8.825142,43.029871799999995,-81.2929803,277.96
2025-03-13 13:20:42.883,9.065222,43.0298716,-81.2929803,277.96
2025-03-13 13:20:43.123,9.305009,43.0298715,-81.2929802,277.96
2025-03-13 13:20:43.363,9.545043,43.029871299999996,-81.29297989999999,277.94
2025-03-13 13:20:43.603,9.785023,43.029871299999996,-81.2929795,277.93
2025-03-13 13:20:43.852,10.033916,43.0298714,-81.2929789,277.92
2025-03-13 13:20:44.083,10.265078,43.0298715,-81.29297849999999,277.91
2025-03-13 13:20:44.323,10.505057,43.029871299999996,-81.2929784,277.91
2025-03-13 13:20:44.563,10.745148,43.0298709,-81.2929789,277.92
2025-03-13 13:20:44.803,10.985002,43.0298701,-81.2929796,277.93
2025-03-13 13:20:45.044,11.226213,43.029869399999995,-81.2929803,277.92
2025-03-13 13:20:45.284,11.465664,43.0298689,-81.29298059999999,277.9
2025-03-13 13:20:45.523,11.704924,43.0298684,-81.2929808,277.89
2025-03-13 13:20:45.763,11.944921,43.0298679,-81.292981,277.87
2025-03-13 13:20:46.003,12.184848,43.0298671,-81.2929814,277.85
2025-03-13 13:20:46.244,12.426066,43.029866299999995,-81.2929817,277.82
2025-03-13 13:20:46.492,12.67399,43.0298655,-81.29298179999999,277.79
2025-03-13 13:20:46.723,12.904787,43.0298649,-81.29298179999999,277.76
2025-03-13 13:20:46.963,13.144777,43.029864499999995,-81.2929817,277.74
2025-03-13 13:20:47.203,13.385414,43.0298642,-81.2929815,277.71
2025-03-13 13:20:47.443,13.624731,43.0298643,-81.2929812,277.69
2025-03-13 13:20:47.683,13.865006,43.029864499999995,-81.29298089999999,277.68
2025-03-13 13:20:47.923,14.10481,43.029864599999996,-81.29298039999999,277.67
2025-03-13 13:20:48.163,14.345353,43.0298648,-81.2929798,277.67
2025-03-13 13:20:48.403,14.584612,43.0298648,-81.2929796,277.68
2025-03-13 13:20:48.643,14.824625,43.0298647,-81.2929795,277.69
2025-03-13 13:20:48.883,15.064593,43.029864599999996,-81.29297919999999,277.7
2025-03-13 13:20:49.132,15.313962,43.0298642,-81.2929795,277.72
2025-03-13 13:20:49.363,15.544529,43.0298638,-81.29297969999999,277.73
2025-03-13 13:20:49.603,15.784594,43.0298636,-81.29298,277.75
2025-03-13 13:20:49.842,16.02447,43.0298636,-81.29298039999999,277.76
2025-03-13 13:20:50.082,16.264446,43.0298636,-81.29298059999999,277.76
2025-03-13 13:20:50.323,16.504722,43.0298635,-81.2929805,277.76
2025-03-13 13:20:50.563,16.74451,43.029863399999996,-81.2929802,277.77
2025-03-13 13:20:50.802,16.984279,43.029863299999995,-81.29298,277.79
2025-03-13 13:20:51.185,17.367179,43.0298631,-81.2929801,277.8
2025-03-13 13:20:51.282,17.464328,43.0298629,-81.2929805,277.82
2025-03-13 13:20:51.523,17.705018,43.0298628,-81.2929805,277.82
2025-03-13 13:20:51.771,17.953063,43.0298629,-81.29298039999999,277.82
2025-03-13 13:20:52.002,18.184467,43.029863,-81.2929801,277.81
2025-03-13 13:20:52.242,18.424266,43.0298632,-81.29298,277.81
2025-03-13 13:20:52.482,18.664476,43.029863399999996,-81.29297989999999,277.82
2025-03-13 13:20:52.723,18.905325,43.0298635,-81.2929798,277.83
2025-03-13 13:20:52.963,19.145297,43.0298637,-81.2929798,277.84
2025-03-13 13:20:53.204,19.385535,43.029863899999995,-81.29297969999999,277.85
2025-03-13 13:20:53.443,19.624541,43.0298641,-81.2929796,277.86
2025-03-13 13:20:53.683,19.864558,43.0298642,-81.2929794,277.86
2025-03-13 13:20:53.923,20.105316,43.0298644,-81.29297919999999,277.87
2025-03-13 13:20:54.163,20.345359,43.029864599999996,-81.292979,277.87
2025-03-13 13:20:54.412,20.59401,43.0298648,-81.2929788,277.87
2025-03-13 13:20:54.643,20.825254,43.029865,-81.2929786,277.86
2025-03-13 13:20:54.884,21.065898,43.029865199999996,-81.2929784,277.86
2025-03-13 13:20:55.123,21.30512,43.0298653,-81.2929781,277.86
2025-03-13 13:20:55.363,21.545048,43.0298654,-81.2929779,277.87
2025-03-13 13:20:55.603,21.785274,43.0298656,-81.2929778,277.88
2025-03-13 13:20:55.843,22.02533,43.029865799999996,-81.2929778,277.88
2025-03-13 13:20:56.084,22.265506,43.029866,-81.29297799999999,277.89
2025-03-13 13:20:56.324,22.505958,43.0298661,-81.2929781,277.89
2025-03-13 13:20:56.564,22.746026,43.029866299999995,-81.29297799999999,277.89
2025-03-13 13:20:56.804,22.985925,43.0298665,-81.2929779,277.9
2025-03-13 13:20:57.053,23.23464,43.0298667,-81.2929779,277.91
2025-03-13 13:20:57.284,23.465942,43.029866899999995,-81.2929778,277.92
2025-03-13 13:20:57.524,23.706256,43.0298671,-81.29297749999999,277.93
2025-03-13 13:20:57.764,23.946304,43.0298673,-81.2929772,277.93
2025-03-13 13:20:58.005,24.187006,43.029867499999995,-81.292977,277.94
2025-03-13 13:20:58.245,24.426856,43.0298677,-81.29297679999999,277.95
2025-03-13 13:20:58.484,24.666368,43.0298678,-81.2929764,277.95
2025-03-13 13:20:58.753,24.934507,43.0298679,-81.29297609999999,277.95
2025-03-13 13:20:59.069,25.251278,43.029868,-81.29297609999999,277.99
2025-03-13 13:20:59.329,25.511141,43.029868,-81.29297609999999,278.01
2025-03-13 13:20:59.589,25.771117,43.029868,-81.292976,278.03
2025-03-13 13:20:59.849,26.030862,43.029868,-81.2929759,278.04
2025-03-13 13:21:00.109,26.290786,43.029868,-81.29297559999999,278.05
2025-03-13 13:21:00.369,26.550571,43.029868,-81.2929754,278.05
2025-03-13 13:21:00.628,26.810401,43.029868,-81.29297509999999,278.06
2025-03-13 13:21:00.888,27.070477,43.029868099999995,-81.29297489999999,278.07
2025-03-13 13:21:01.149,27.330761,43.029868199999996,-81.2929748,278.08
2025-03-13 13:21:01.409,27.590785,43.029868199999996,-81.2929747,278.09
2025-03-13 13:21:01.723,27.904926,43.029868,-81.29297489999999,278.1
2025-03-13 13:21:01.949,28.130837,43.0298678,-81.292975,278.11
2025-03-13 13:21:02.208,28.390489,43.0298677,-81.2929748,278.11
2025-03-13 13:21:02.469,28.650986,43.029867499999995,-81.2929745,278.11
2025-03-13 13:21:02.728,28.910282,43.0298673,-81.2929742,278.1
2025-03-13 13:21:02.988,29.17031,43.0298671,-81.292974,278.1
2025-03-13 13:21:03.249,29.430566,43.029866999999996,-81.29297369999999,278.1
2025-03-13 13:21:03.509,29.691384,43.029866899999995,-81.2929733,278.09
2025-03-13 13:21:03.771,29.953495,43.029866899999995,-81.29297269999999,278.08
2025-03-13 13:21:04.028,30.210236,43.0298668,-81.2929721,278.08
2025-03-13 13:21:04.289,30.470589,43.0298667,-81.2929717,278.08
2025-03-13 13:21:04.589,30.77065,43.0298668,-81.2929715,278.08
2025-03-13 13:21:04.863,31.045158,43.0298667,-81.29297129999999,278.08
2025-03-13 13:21:05.088,31.270127,43.0298666,-81.2929709,278.08
2025-03-13 13:21:05.348,31.530242,43.029866399999996,-81.29297059999999,278.08
2025-03-13 13:21:05.608,31.790309,43.0298662,-81.2929704,278.07
2025-03-13 13:21:05.868,32.050311,43.0298661,-81.2929704,278.07
2025-03-13 13:21:06.129,32.31058,43.029866,-81.2929705,278.07
2025-03-13 13:21:06.388,32.570258,43.029865799999996,-81.29297059999999,278.06
2025-03-13 13:21:06.648,32.830014,43.029865799999996,-81.2929707,278.06
2025-03-13 13:21:06.908,33.090382,43.029865799999996,-81.2929707,278.05
2025-03-13 13:21:07.168,33.350195,43.029865699999995,-81.2929704,278.03
2025-03-13 13:21:07.469,33.650872,43.0298656,-81.2929703,278.01
2025-03-13 13:21:07.731,33.913358,43.0298654,-81.29297,278.0
2025-03-13 13:21:07.982,34.16424,43.0298653,-81.2929697,277.98
2025-03-13 13:21:08.228,34.409904,43.029865199999996,-81.2929693,277.96
2025-03-13 13:21:08.488,34.670319,43.029865099999995,-81.2929691,277.95
2025-03-13 13:21:08.729,34.910724,43.029865,-81.29296889999999,277.93
2025-03-13 13:21:08.968,35.150243,43.029865099999995,-81.2929687,277.92
2025-03-13 13:21:09.208,35.390013,43.0298653,-81.2929685,277.91
2025-03-13 13:21:09.448,35.630089,43.0298655,-81.2929683,277.9
2025-03-13 13:21:09.688,35.870088,43.029865699999995,-81.2929681,277.89
2025-03-13 13:21:09.928,36.109771,43.0298659,-81.2929681,277.89
2025-03-13 13:21:10.169,36.350801,43.0298661,-81.2929678,277.88
2025-03-13 13:21:10.408,36.590128,43.029866299999995,-81.29296769999999,277.87
2025-03-13 13:21:10.648,36.830098,43.029866399999996,-81.2929676,277.87
2025-03-13 13:21:10.888,37.069942,43.0298665,-81.2929676,277.85
2025-03-13 13:21:11.128,37.310051,43.029866999999996,-81.2929675,277.85
2025-03-13 13:21:11.368,37.55015,43.0298677,-81.2929678,277.89
2025-03-13 13:21:11.608,37.789797,43.029867499999995,-81.29296819999999,277.9
2025-03-13 13:21:11.848,38.030221,43.0298677,-81.2929685,277.88
2025-03-13 13:21:12.088,38.269933,43.029868,-81.2929687,277.82
2025-03-13 13:21:12.328,38.510206,43.0298683,-81.2929688,277.8
2025-03-13 13:21:12.568,38.750004,43.0298686,-81.2929688,277.79
2025-03-13 13:21:12.808,38.989981,43.029868799999996,-81.2929686,277.78
2025-03-13 13:21:13.048,39.229971,43.0298689,-81.2929685,277.78
2025-03-13 13:21:13.288,39.47008,43.0298691,-81.2929685,277.78
2025-03-13 13:21:13.528,39.709895,43.029869,-81.2929685,277.79
2025-03-13 13:21:13.771,39.95297,43.0298689,-81.2929683,277.79
2025-03-13 13:21:14.008,40.190003,43.0298689,-81.2929683,277.79
2025-03-13 13:21:14.248,40.4298,43.029868799999996,-81.292968,277.78
2025-03-13 13:21:14.488,40.669755,43.029868799999996,-81.2929678,277.77
2025-03-13 13:21:14.728,40.909799,43.0298687,-81.2929676,277.77
2025-03-13 13:21:14.968,41.149603,43.0298686,-81.2929673,277.76
2025-03-13 13:21:15.208,41.389537,43.0298684,-81.2929669,277.75
2025-03-13 13:21:15.448,41.629863,43.029868099999995,-81.29296649999999,277.74
2025-03-13 13:21:15.688,41.869774,43.029868,-81.2929663,277.74
2025-03-13 13:21:15.927,42.109396,43.0298679,-81.2929661,277.74
2025-03-13 13:21:16.188,42.369666,43.0298677,-81.29296579999999,277.74
2025-03-13 13:21:16.448,42.629692,43.029867599999996,-81.2929656,277.73
2025-03-13 13:21:16.707,42.889124,43.0298674,-81.2929654,277.71
2025-03-13 13:21:16.967,43.14914,43.029866999999996,-81.2929652,277.69
2025-03-13 13:21:17.228,43.409521,43.0298668,-81.29296529999999,277.67
2025-03-13 13:21:17.487,43.669244,43.0298666,-81.2929654,277.66
2025-03-13 13:21:17.790,43.972291,43.029866299999995,-81.292965,277.65
2025-03-13 13:21:18.028,44.209803,43.0298661,-81.2929648,277.65
2025-03-13 13:21:18.310,44.492187,43.0298659,-81.2929647,277.65
2025-03-13 13:21:18.562,44.74356,43.029865699999995,-81.2929645,277.64
2025-03-13 13:21:18.807,44.989334,43.0298655,-81.2929642,277.63
2025-03-13 13:21:19.067,45.249467,43.0298653,-81.29296409999999,277.61
2025-03-13 13:21:19.328,45.509499,43.029865199999996,-81.2929642,277.61
2025-03-13 13:21:19.587,45.76896,43.029865,-81.2929644,277.61
2025-03-13 13:21:19.847,46.029105,43.0298649,-81.2929644,277.61
2025-03-13 13:21:20.107,46.28916,43.0298649,-81.29296459999999,277.61
2025-03-13 13:21:20.367,46.549437,43.0298649,-81.2929648,277.61
2025-03-13 13:21:20.667,46.849301,43.0298649,-81.292965,277.61
2025-03-13 13:21:20.916,47.098279,43.0298648,-81.29296509999999,277.62
2025-03-13 13:21:21.167,47.349312,43.0298648,-81.2929652,277.64
2025-03-13 13:21:21.427,47.609065,43.0298648,-81.2929652,277.65
2025-03-13 13:21:21.701,47.883111,43.0298647,-81.2929652,277.65
2025-03-13 13:21:21.947,48.129164,43.029864599999996,-81.2929652,277.66
2025-03-13 13:21:22.207,48.389217,43.0298644,-81.29296529999999,277.67
2025-03-13 13:21:22.467,48.649136,43.0298641,-81.2929652,277.7
2025-03-13 13:21:22.727,48.909005,43.0298631,-81.2929652,277.82
2025-03-13 13:21:22.987,49.169129,43.0298617,-81.29296509999999,278.04
2025-03-13 13:21:23.247,49.428912,43.0298608,-81.2929652,278.34
2025-03-13 13:21:23.556,49.738121,43.0298605,-81.2929655,278.75
2025-03-13 13:21:23.790,49.972418,43.0298605,-81.2929655,279.22
2025-03-13 13:21:24.047,50.229056,43.0298606,-81.29296509999999,279.73
2025-03-13 13:21:24.307,50.488881,43.0298606,-81.29296459999999,280.27
2025-03-13 13:21:24.567,50.749268,43.0298606,-81.2929642,280.84
2025-03-13 13:21:24.827,51.009295,43.0298611,-81.2929642,281.41
2025-03-13 13:21:25.087,51.269439,43.0298616,-81.2929642,281.98
2025-03-13 13:21:25.347,51.528986,43.029862,-81.29296409999999,282.56
2025-03-13 13:21:25.607,51.788787,43.0298622,-81.292964,283.13
2025-03-13 13:21:25.867,52.04913,43.0298625,-81.29296409999999,283.66
2025-03-13 13:21:26.127,52.309024,43.0298626,-81.29296409999999,284.14
2025-03-13 13:21:26.452,52.634041,43.0298626,-81.2929637,284.59
2025-03-13 13:21:26.692,52.873617,43.0298625,-81.2929635,284.91
2025-03-13 13:21:26.947,53.128756,43.0298625,-81.29296339999999,285.13
2025-03-13 13:21:27.207,53.388879,43.029862699999995,-81.2929637,285.27
2025-03-13 13:21:27.467,53.64909,43.0298629,-81.292964,285.37
2025-03-13 13:21:27.727,53.908864,43.0298631,-81.2929645,285.45
2025-03-13 13:21:27.987,54.168685,43.029863399999996,-81.292965,285.52
2025-03-13 13:21:28.247,54.428562,43.0298637,-81.29296529999999,285.58
2025-03-13 13:21:28.519,54.700991,43.0298641,-81.29296529999999,285.62
2025-03-13 13:21:28.783,54.964559,43.0298644,-81.2929652,285.66
2025-03-13 13:21:29.054,55.236417,43.029864599999996,-81.2929652,285.69
2025-03-13 13:21:29.356,55.537555,43.0298647,-81.2929652,285.71
2025-03-13 13:21:29.588,55.770164,43.0298648,-81.29296529999999,285.73
2025-03-13 13:21:29.847,56.029386,43.0298648,-81.2929655,285.74
2025-03-13 13:21:30.127,56.309353,43.0298647,-81.2929654,285.74
2025-03-13 13:21:30.387,56.569394,43.0298647,-81.29296529999999,285.73
2025-03-13 13:21:30.647,56.82945,43.029864599999996,-81.2929652,285.74
2025-03-13 13:21:30.908,57.09006,43.029864499999995,-81.2929652,285.76
2025-03-13 13:21:31.168,57.349705,43.0298644,-81.29296529999999,285.76
2025-03-13 13:21:31.451,57.632929,43.0298642,-81.2929655,285.77
2025-03-13 13:21:31.695,57.876641,43.029863999999996,-81.2929655,285.76
2025-03-13 13:21:31.947,58.129267,43.029863899999995,-81.29296509999999,285.76
2025-03-13 13:21:32.252,58.43386,43.029863899999995,-81.2929648,285.76
2025-03-13 13:21:32.492,58.673994,43.0298638,-81.2929645,285.78
2025-03-13 13:21:32.748,58.92983,43.0298638,-81.29296389999999,285.77
2025-03-13 13:21:33.007,59.189115,43.0298642,-81.29296269999999,285.76
2025-03-13 13:21:33.280,59.461608,43.0298649,-81.2929607,285.76
2025-03-13 13:21:33.547,59.729218,43.0298659,-81.2929577,285.74
2025-03-13 13:21:33.820,60.001666,43.029866999999996,-81.2929542,285.73
2025-03-13 13:21:34.104,60.285838,43.029868199999996,-81.2929497,285.76
2025-03-13 13:21:34.328,60.510131,43.029869399999995,-81.2929456,285.81
2025-03-13 13:21:34.588,60.770418,43.029871199999995,-81.29294139999999,285.87
2025-03-13 13:21:34.848,61.029879,43.0298734,-81.2929374,285.9
2025-03-13 13:21:35.143,61.32511,43.0298762,-81.2929329,285.91
2025-03-13 13:21:35.388,61.569966,43.029879199999996,-81.2929284,285.92
2025-03-13 13:21:35.648,61.829808,43.0298826,-81.2929237,285.93
2025-03-13 13:21:35.909,62.090713,43.0298862,-81.29291839999999,285.94
2025-03-13 13:21:36.168,62.350036,43.0298899,-81.29291309999999,285.95
2025-03-13 13:21:36.428,62.609969,43.029893699999995,-81.2929077,285.96
2025-03-13 13:21:36.688,62.869829,43.0298977,-81.2929023,285.95
2025-03-13 13:21:36.962,63.144169,43.029901699999996,-81.2928968,285.95
2025-03-13 13:21:37.208,63.389713,43.0299056,-81.29289109999999,285.94
2025-03-13 13:21:37.468,63.649891,43.0299093,-81.2928854,285.93
2025-03-13 13:21:37.728,63.909839,43.029913099999995,-81.2928797,285.93
2025-03-13 13:21:38.023,64.2053,43.0299171,-81.2928735,285.93
2025-03-13 13:21:38.268,64.449841,43.029920499999996,-81.2928675,285.92
2025-03-13 13:21:38.527,64.7089,43.0299238,-81.29286119999999,285.89
2025-03-13 13:21:38.787,64.968915,43.029927199999996,-81.2928549,285.86
2025-03-13 13:21:39.047,65.229223,43.0299307,-81.29284849999999,285.84
2025-03-13 13:21:39.307,65.489111,43.0299342,-81.2928421,285.84
2025-03-13 13:21:39.567,65.749012,43.0299379,-81.292836,285.83
2025-03-13 13:21:39.842,66.023826,43.0299416,-81.2928299,285.83
2025-03-13 13:21:40.087,66.269027,43.0299451,-81.2928238,285.84
2025-03-13 13:21:40.347,66.528919,43.0299486,-81.2928173,285.84
2025-03-13 13:21:40.607,66.788694,43.029952099999996,-81.29281089999999,285.85
2025-03-13 13:21:40.903,67.085117,43.0299556,-81.29280399999999,285.86
2025-03-13 13:21:41.147,67.328641,43.029958799999996,-81.2927974,285.86
2025-03-13 13:21:41.407,67.588704,43.029962,-81.2927909,285.86
2025-03-13 13:21:41.667,67.849458,43.0299651,-81.2927845,285.87
2025-03-13 13:21:41.927,68.108609,43.029967899999995,-81.29277859999999,285.89
2025-03-13 13:21:42.187,68.368622,43.0299702,-81.2927735,285.9
2025-03-13 13:21:42.447,68.628894,43.029972199999996,-81.2927693,285.89
2025-03-13 13:21:42.722,68.904186,43.0299738,-81.292766,285.88
2025-03-13 13:21:42.987,69.168834,43.0299748,-81.2927632,285.86
2025-03-13 13:21:44.345,70.52721,43.029975199999996,-81.292761,285.83
2025-03-13 13:21:44.359,70.540878,43.0299753,-81.29275919999999,285.79
2025-03-13 13:21:44.375,70.557444,43.0299749,-81.2927579,285.76
2025-03-13 13:21:44.389,70.57147,43.0299737,-81.2927575,285.73
2025-03-13 13:21:44.406,70.587721,43.0299726,-81.29275779999999,285.72
2025-03-13 13:21:44.607,70.789204,43.0299719,-81.29275919999999,285.7
2025-03-13 13:21:44.887,71.069161,43.0299714,-81.2927613,285.69
2025-03-13 13:21:45.147,71.32908,43.029970899999995,-81.2927639,285.7
2025-03-13 13:21:45.427,71.609172,43.0299696,-81.2927674,285.7
2025-03-13 13:21:45.707,71.889089,43.029967299999996,-81.2927715,285.72
2025-03-13 13:21:45.987,72.168957,43.0299646,-81.29277599999999,285.73
2025-03-13 13:21:46.260,72.44181,43.029961799999995,-81.2927808,285.74
2025-03-13 13:21:46.527,72.708942,43.029959,-81.2927864,285.75
2025-03-13 13:21:46.853,73.035054,43.0299559,-81.2927922,285.78
2025-03-13 13:21:47.110,73.291531,43.029953,-81.2927974,285.83
2025-03-13 13:21:47.363,73.545071,43.02995,-81.29280279999999,285.87
2025-03-13 13:21:47.609,73.791219,43.029946599999995,-81.2928086,285.9
2025-03-13 13:21:47.870,74.052199,43.029942899999995,-81.29281449999999,285.92
2025-03-13 13:21:48.130,74.311634,43.029939299999995,-81.2928203,285.94
2025-03-13 13:21:48.390,74.571979,43.0299358,-81.2928259,285.94
2025-03-13 13:21:48.650,74.832166,43.029932099999996,-81.29283149999999,285.94
2025-03-13 13:21:48.910,75.092251,43.0299281,-81.29283699999999,285.92
2025-03-13 13:21:49.183,75.365341,43.0299244,-81.29284249999999,285.92
2025-03-13 13:21:49.458,75.639764,43.0299207,-81.29284799999999,285.92
2025-03-13 13:21:49.734,75.916308,43.029916899999996,-81.2928536,285.92
2025-03-13 13:21:49.975,76.157346,43.029913799999996,-81.2928586,285.93
2025-03-13 13:21:50.232,76.413569,43.0299104,-81.2928641,285.94
2025-03-13 13:21:50.492,76.674135,43.0299066,-81.29286979999999,285.95
2025-03-13 13:21:50.752,76.933972,43.0299027,-81.2928759,285.95
2025-03-13 13:21:51.012,77.19428,43.0298987,-81.2928822,285.94
2025-03-13 13:21:51.273,77.454618,43.0298945,-81.2928886,285.94
2025-03-13 13:21:51.532,77.71388,43.0298904,-81.2928953,285.93
2025-03-13 13:21:51.812,77.994095,43.029886399999995,-81.2929018,285.93
2025-03-13 13:21:52.088,78.270017,43.0298829,-81.29290739999999,285.93
2025-03-13 13:21:52.332,78.51434,43.0298796,-81.2929128,285.95
2025-03-13 13:21:52.629,78.810521,43.0298758,-81.2929185,285.96
2025-03-13 13:21:52.874,79.055707,43.0298721,-81.292924,285.97
2025-03-13 13:21:53.133,79.315346,43.029868799999996,-81.2929296,285.96
2025-03-13 13:21:53.393,79.575424,43.029865699999995,-81.2929351,285.95
2025-03-13 13:21:53.653,79.835305,43.0298628,-81.2929406,285.95
2025-03-13 13:21:53.913,80.094857,43.0298605,-81.2929456,285.94
2025-03-13 13:21:54.173,80.35549,43.0298583,-81.2929504,285.94
2025-03-13 13:21:54.433,80.615469,43.029856099999996,-81.2929551,285.95
2025-03-13 13:21:54.693,80.875074,43.0298539,-81.2929596,285.98
2025-03-13 13:21:54.968,81.150102,43.029851799999996,-81.2929638,286.0
2025-03-13 13:21:55.217,81.399398,43.0298491,-81.2929685,286.03
2025-03-13 13:21:55.510,81.691942,43.029845699999996,-81.292974,286.04
2025-03-13 13:21:55.753,81.935361,43.0298422,-81.2929796,286.04
2025-03-13 13:21:56.013,82.19545,43.0298386,-81.2929855,286.02
2025-03-13 13:21:56.274,82.456113,43.029834699999995,-81.2929918,286.01
2025-03-13 13:21:56.533,82.715316,43.0298306,-81.2929979,286.01
2025-03-13 13:21:56.793,82.975294,43.029826199999995,-81.2930042,285.99
2025-03-13 13:21:57.053,83.235366,43.0298218,-81.2930106,285.97
2025-03-13 13:21:57.313,83.495231,43.029817099999995,-81.2930171,285.96
2025-03-13 13:21:57.574,83.756029,43.0298124,-81.2930236,285.95
2025-03-13 13:21:57.857,84.039084,43.0298077,-81.29303,285.91
2025-03-13 13:21:58.101,84.283381,43.029803699999995,-81.293036,285.86
2025-03-13 13:21:58.389,84.5712,43.029800099999996,-81.2930422,285.82
2025-03-13 13:21:58.633,84.815163,43.0297969,-81.2930481,285.81
2025-03-13 13:21:58.893,85.075097,43.0297938,-81.2930537,285.83
2025-03-13 13:21:59.153,85.335108,43.0297917,-81.2930585,285.82
2025-03-13 13:21:59.413,85.595217,43.0297912,-81.2930622,285.8
2025-03-13 13:21:59.674,85.85556,43.029791599999996,-81.29306489999999,285.79
2025-03-13 13:21:59.933,86.114999,43.0297927,-81.2930671,285.8
2025-03-13 13:22:00.193,86.375181,43.0297944,-81.2930693,285.8
2025-03-13 13:22:00.453,86.635207,43.0297968,-81.293072,285.83
2025-03-13 13:22:00.728,86.910174,43.029799499999996,-81.2930753,285.85
2025-03-13 13:22:00.973,87.155446,43.0298027,-81.29307899999999,285.88
2025-03-13 13:22:01.269,87.451293,43.0298065,-81.2930835,285.91
2025-03-13 13:22:01.522,87.703902,43.029810399999995,-81.293088,285.93
2025-03-13 13:22:01.777,87.958852,43.0298144,-81.2930927,285.95
2025-03-13 13:22:02.033,88.215006,43.0298185,-81.293097,285.97
2025-03-13 13:22:02.293,88.475043,43.0298223,-81.2931005,285.99
2025-03-13 13:22:02.553,88.734767,43.029825599999995,-81.2931029,286.02
2025-03-13 13:22:02.813,88.994726,43.0298284,-81.29310389999999,286.05
2025-03-13 13:22:03.073,89.255378,43.0298306,-81.2931037,286.06
2025-03-13 13:22:03.333,89.514702,43.029832299999995,-81.2931023,286.08
2025-03-13 13:22:03.608,89.789862,43.0298337,-81.2931,286.1
2025-03-13 13:22:03.853,90.034752,43.0298355,-81.29309719999999,286.08
2025-03-13 13:22:04.149,90.33122,43.0298379,-81.2930938,286.04
2025-03-13 13:22:04.393,90.574624,43.0298404,-81.2930904,286.02
2025-03-13 13:22:04.653,90.834601,43.0298431,-81.2930868,286.03
2025-03-13 13:22:04.913,91.095221,43.0298461,-81.293083,286.03
2025-03-13 13:22:05.173,91.355309,43.029849399999996,-81.2930791,286.03
2025-03-13 13:22:05.433,91.614876,43.029852899999995,-81.2930751,286.01
2025-03-13 13:22:05.693,91.874515,43.0298565,-81.2930708,285.98
2025-03-13 13:22:05.952,92.134353,43.029860199999995,-81.2930664,285.97
2025-03-13 13:22:06.212,92.394428,43.0298638,-81.2930619,285.97
2025-03-13 13:22:06.489,92.670933,43.029867499999995,-81.29305699999999,285.95
2025-03-13 13:22:06.733,92.914563,43.029871,-81.293052,285.93
2025-03-13 13:22:07.029,93.21113,43.029874799999995,-81.29304669999999,285.91
2025-03-13 13:22:07.273,93.454936,43.0298783,-81.2930415,285.89
2025-03-13 13:22:07.532,93.714494,43.0298818,-81.2930362,285.89
2025-03-13 13:22:07.793,93.974956,43.0298853,-81.293031,285.9
2025-03-13 13:22:08.053,94.234669,43.0298887,-81.29302559999999,285.9
2025-03-13 13:22:08.314,94.495507,43.0298921,-81.29302009999999,285.9
2025-03-13 13:22:08.573,94.755433,43.029895499999995,-81.2930143,285.9
2025-03-13 13:22:08.832,95.014461,43.0298988,-81.29300839999999,285.91
2025-03-13 13:22:09.092,95.274473,43.0299021,-81.29300239999999,285.9
2025-03-13 13:22:09.369,95.550599,43.0299054,-81.2929963,285.9
2025-03-13 13:22:09.620,95.80232,43.0299088,-81.2929905,285.91
2025-03-13 13:22:09.941,96.123157,43.0299127,-81.2929837,285.92
2025-03-13 13:22:10.207,96.388659,43.029916199999995,-81.2929779,285.93
2025-03-13 13:22:10.433,96.615206,43.0299196,-81.2929719,285.93
2025-03-13 13:22:10.693,96.874881,43.029923,-81.2929662,285.94
2025-03-13 13:22:10.973,97.155447,43.0299268,-81.2929597,285.93
2025-03-13 13:22:11.233,97.414793,43.0299303,-81.2929537,285.92
2025-03-13 13:22:11.493,97.675062,43.0299337,-81.2929477,285.92
2025-03-13 13:22:11.774,97.955582,43.0299373,-81.2929413,285.92
2025-03-13 13:22:12.033,98.21519,43.029940499999995,-81.2929353,285.93
2025-03-13 13:22:12.293,98.474688,43.0299438,-81.2929292,285.94
2025-03-13 13:22:12.553,98.734585,43.029947199999995,-81.29292339999999,285.95
2025-03-13 13:22:12.857,99.039479,43.029950799999995,-81.2929169,285.95
2025-03-13 13:22:13.113,99.294966,43.029954599999996,-81.29291049999999,285.94
2025-03-13 13:22:13.374,99.555797,43.029958099999995,-81.2929046,285.94
2025-03-13 13:22:13.633,99.814923,43.0299616,-81.2928987,285.94
2025-03-13 13:22:13.893,100.075081,43.0299652,-81.29289279999999,285.94
2025-03-13 13:22:14.168,100.349956,43.0299687,-81.29288679999999,285.94
2025-03-13 13:22:14.413,100.595004,43.0299723,-81.29288079999999,285.95
2025-03-13 13:22:14.674,100.855702,43.029975799999995,-81.29287459999999,285.95
2025-03-13 13:22:14.954,101.135748,43.0299796,-81.29286809999999,285.97
2025-03-13 13:22:15.213,101.395002,43.0299832,-81.2928622,285.98
2025-03-13 13:22:15.473,101.655468,43.029986799999996,-81.2928562,285.98
2025-03-13 13:22:15.769,101.951203,43.0299907,-81.2928498,285.98
2025-03-13 13:22:16.027,102.20949,43.0299942,-81.29284369999999,285.97
2025-03-13 13:22:16.273,102.455249,43.0299976,-81.2928378,285.97
2025-03-13 13:22:16.533,102.714734,43.0300009,-81.2928321,285.97
2025-03-13 13:22:16.808,102.989784,43.030004,-81.29282719999999,285.99
2025-03-13 13:22:17.053,103.235201,43.0300069,-81.2928232,286.0
2025-03-13 13:22:17.313,103.49509,43.0300097,-81.2928206,286.0
2025-03-13 13:22:17.573,103.755133,43.030012299999996,-81.29281929999999,286.0
2025-03-13 13:22:17.833,104.01464,43.030014699999995,-81.29281929999999,286.01
2025-03-13 13:22:18.093,104.274546,43.030017199999996,-81.29282049999999,286.01
2025-03-13 13:22:18.353,104.53461,43.03002,-81.2928228,286.01
2025-03-13 13:22:18.649,104.830541,43.030023199999995,-81.2928262,285.99
2025-03-13 13:22:18.893,105.074571,43.0300264,-81.2928299,285.96
2025-03-13 13:22:19.153,105.334568,43.0300295,-81.2928337,285.94
2025-03-13 13:22:19.412,105.594493,43.030032399999996,-81.29283749999999,285.93
2025-03-13 13:22:19.688,105.870161,43.0300353,-81.29284129999999,285.92
2025-03-13 13:22:19.933,106.114598,43.030038399999995,-81.292845,285.91
2025-03-13 13:22:20.193,106.374756,43.0300413,-81.2928484,285.92
2025-03-13 13:22:20.453,106.634549,43.0300438,-81.2928515,285.93
2025-03-13 13:22:20.712,106.894295,43.0300456,-81.2928546,285.94
2025-03-13 13:22:20.973,107.154922,43.030046299999995,-81.2928573,285.95
2025-03-13 13:22:21.232,107.414446,43.0300462,-81.2928599,285.95
2025-03-13 13:22:21.529,107.710541,43.0300449,-81.2928635,285.93
2025-03-13 13:22:21.784,107.965714,43.030042699999996,-81.2928678,285.93
2025-03-13 13:22:22.046,108.228317,43.030040199999995,-81.2928726,285.91
2025-03-13 13:22:22.292,108.474286,43.0300374,-81.2928774,285.89
2025-03-13 13:22:22.567,108.749277,43.0300345,-81.2928819,285.84
2025-03-13 13:22:22.820,109.002222,43.030031699999995,-81.2928864,285.79
2025-03-13 13:22:23.077,109.258686,43.0300291,-81.2928909,285.77
2025-03-13 13:22:23.332,109.514225,43.0300267,-81.2928953,285.76
2025-03-13 13:22:23.592,109.774078,43.0300248,-81.2928987,285.77
2025-03-13 13:22:23.852,110.034344,43.030023199999995,-81.29290209999999,285.78
2025-03-13 13:22:24.112,110.294,43.0300213,-81.2929061,285.81
2025-03-13 13:22:24.409,110.590808,43.0300186,-81.2929111,285.88
2025-03-13 13:22:24.661,110.842525,43.0300156,-81.2929163,285.92
2025-03-13 13:22:24.927,111.108871,43.0300122,-81.2929218,285.95
2025-03-13 13:22:25.532,111.714388,43.0300083,-81.2929276,285.98
2025-03-13 13:22:25.546,111.728476,43.0300042,-81.2929338,285.99
2025-03-13 13:22:25.701,111.882575,43.0299998,-81.2929405,285.99
2025-03-13 13:22:25.965,112.146513,43.029995299999996,-81.2929473,285.97
2025-03-13 13:22:26.213,112.394649,43.0299913,-81.29295359999999,285.93
2025-03-13 13:22:26.473,112.655259,43.0299878,-81.2929597,285.91
2025-03-13 13:22:26.733,112.914623,43.0299845,-81.2929652,285.9
2025-03-13 13:22:26.993,113.174677,43.0299814,-81.29297059999999,285.91
2025-03-13 13:22:27.289,113.470564,43.029978,-81.2929765,285.92
2025-03-13 13:22:27.541,113.72312,43.029975199999996,-81.29298179999999,285.93
2025-03-13 13:22:27.812,113.99416,43.0299726,-81.2929872,285.94
2025-03-13 13:22:28.053,114.23508,43.02997,-81.29299259999999,285.97
2025-03-13 13:22:28.328,114.510226,43.0299677,-81.2929978,285.97
2025-03-13 13:22:28.580,114.762295,43.0299659,-81.29300239999999,285.97
2025-03-13 13:22:28.837,115.0192,43.029964299999996,-81.2930068,285.95
2025-03-13 13:22:29.093,115.274992,43.029962499999996,-81.2930111,285.93
2025-03-13 13:22:29.371,115.553369,43.0299599,-81.2930157,285.92
2025-03-13 13:22:29.613,115.795323,43.0299573,-81.2930203,285.94
2025-03-13 13:22:29.875,116.0568,43.0299547,-81.29302489999999,285.95
2025-03-13 13:22:30.169,116.35147,43.0299517,-81.29302969999999,285.98
2025-03-13 13:22:31.569,117.751489,43.0299482,-81.293035,286.02
2025-03-13 13:22:31.591,117.772505,43.0299443,-81.2930409,286.04
2025-03-13 13:22:31.610,117.791658,43.029939899999995,-81.2930475,286.04
2025-03-13 13:22:31.628,117.810072,43.0299353,-81.293054,286.01
2025-03-13 13:22:31.646,117.827775,43.0299309,-81.2930605,285.96
2025-03-13 13:22:31.714,117.896413,43.029926599999996,-81.2930669,285.94
2025-03-13 13:22:31.975,118.156841,43.0299227,-81.29307299999999,285.92
2025-03-13 13:22:32.233,118.415437,43.029919199999995,-81.2930789,285.9
2025-03-13 13:22:32.493,118.675371,43.0299159,-81.2930848,285.87
2025-03-13 13:22:32.753,118.935307,43.0299127,-81.2930906,285.87
2025-03-13 13:22:33.049,119.231433,43.0299091,-81.293097,285.88
2025-03-13 13:22:33.293,119.475116,43.029905899999996,-81.2931031,285.88
2025-03-13 13:22:33.553,119.735455,43.029902899999996,-81.29310919999999,285.89
2025-03-13 13:22:33.814,119.996336,43.0298997,-81.2931157,285.88
2025-03-13 13:22:34.090,120.271715,43.0298963,-81.29312209999999,285.88
2025-03-13 13:22:34.335,120.516968,43.0298929,-81.29312829999999,285.87
2025-03-13 13:22:34.594,120.776183,43.0298893,-81.29313429999999,285.88
2025-03-13 13:22:34.854,121.036312,43.0298859,-81.2931402,285.88
2025-03-13 13:22:35.114,121.296048,43.0298831,-81.2931455,285.87
2025-03-13 13:22:35.375,121.556678,43.029880999999996,-81.29315,285.86
2025-03-13 13:22:35.634,121.816185,43.029879699999995,-81.29315369999999,285.85
2025-03-13 13:22:35.937,122.118932,43.029879099999995,-81.2931566,285.87
2025-03-13 13:22:36.177,122.358701,43.029879699999995,-81.2931583,285.86
2025-03-13 13:22:36.435,122.616839,43.0298811,-81.2931596,285.85
2025-03-13 13:22:36.694,122.875995,43.0298829,-81.2931614,285.86
2025-03-13 13:22:36.969,123.150903,43.0298848,-81.2931641,285.91
2025-03-13 13:22:37.234,123.415896,43.029886999999995,-81.2931677,285.97
2025-03-13 13:22:37.494,123.675803,43.029889499999996,-81.2931715,286.02
2025-03-13 13:22:37.754,123.935713,43.029892499999995,-81.2931753,286.06
2025-03-13 13:22:38.015,124.196584,43.029896,-81.2931794,286.09
2025-03-13 13:22:38.276,124.457906,43.0298997,-81.29318359999999,286.11
2025-03-13 13:22:38.534,124.716293,43.029903499999996,-81.293188,286.14
2025-03-13 13:22:38.831,125.013347,43.0299074,-81.2931917,286.15
2025-03-13 13:22:39.075,125.257365,43.0299109,-81.2931942,286.16
2025-03-13 13:22:39.335,125.51657,43.0299136,-81.2931949,286.17
2025-03-13 13:22:39.610,125.791869,43.0299158,-81.2931942,286.18
2025-03-13 13:22:39.856,126.037543,43.0299178,-81.2931923,286.17
2025-03-13 13:22:40.119,126.301407,43.0299201,-81.2931898,286.14
2025-03-13 13:22:40.375,126.557448,43.0299225,-81.2931868,286.11
2025-03-13 13:22:40.635,126.817081,43.0299249,-81.2931835,286.07
2025-03-13 13:22:40.915,127.096838,43.0299275,-81.29317979999999,286.06
2025-03-13 13:22:41.196,127.378198,43.0299304,-81.2931758,286.06
2025-03-13 13:22:41.456,127.637716,43.0299335,-81.293172,286.06
2025-03-13 13:22:41.752,127.934208,43.0299373,-81.2931675,286.04
2025-03-13 13:22:42.014,128.196199,43.029941,-81.2931632,286.02
2025-03-13 13:22:42.275,128.457494,43.0299449,-81.2931588,286.0
2025-03-13 13:22:42.536,128.718464,43.0299489,-81.29315419999999,285.98
2025-03-13 13:22:42.792,128.974482,43.0299528,-81.29314959999999,285.96
2025-03-13 13:22:43.036,129.218459,43.029956399999996,-81.29314459999999,285.95
2025-03-13 13:22:43.297,129.479061,43.0299598,-81.29313929999999,285.96
2025-03-13 13:22:43.556,129.738409,43.029962999999995,-81.2931339,285.97
2025-03-13 13:22:43.817,129.998657,43.0299662,-81.2931285,285.99
2025-03-13 13:22:44.077,130.259115,43.0299694,-81.2931231,285.99
2025-03-13 13:22:44.337,130.518633,43.029972699999995,-81.2931179,285.99
2025-03-13 13:22:44.640,130.821974,43.0299765,-81.2931127,285.98
2025-03-13 13:22:44.908,131.090165,43.0299803,-81.2931076,285.96
2025-03-13 13:22:45.160,131.342388,43.0299839,-81.2931021,285.95
2025-03-13 13:22:45.426,131.607498,43.0299876,-81.2930963,285.95
2025-03-13 13:22:45.661,131.843086,43.029990999999995,-81.2930901,285.94
2025-03-13 13:22:45.917,132.09885,43.029994099999996,-81.2930839,285.93
2025-03-13 13:22:46.177,132.358907,43.0299972,-81.2930779,285.92
2025-03-13 13:22:46.436,132.618407,43.0300003,-81.29307179999999,285.9
2025-03-13 13:22:46.698,132.880197,43.0300034,-81.2930657,285.89
2025-03-13 13:22:46.956,133.13839,43.0300066,-81.2930598,285.88
2025-03-13 13:22:47.216,133.39846,43.030009799999995,-81.2930537,285.89
2025-03-13 13:22:47.519,133.701316,43.030013,-81.2930468,285.9
2025-03-13 13:22:47.787,133.969439,43.030015899999995,-81.2930404,285.89
2025-03-13 13:22:48.049,134.230575,43.030018999999996,-81.2930342,285.88
2025-03-13 13:22:48.301,134.483161,43.0300223,-81.2930281,285.88
2025-03-13 13:22:48.566,134.747707,43.0300258,-81.2930224,285.88
2025-03-13 13:22:48.829,135.011166,43.0300296,-81.2930164,285.87
2025-03-13 13:22:49.057,135.238633,43.030032899999995,-81.2930112,285.87
2025-03-13 13:22:49.316,135.49845,43.0300363,-81.2930054,285.88
2025-03-13 13:22:49.577,135.759147,43.0300395,-81.2929996,285.9
2025-03-13 13:22:49.836,136.018382,43.030042699999996,-81.29299379999999,285.91
2025-03-13 13:22:50.096,136.278439,43.030045799999996,-81.2929879,285.92
2025-03-13 13:22:50.393,136.574534,43.030049399999996,-81.2929817,285.92
2025-03-13 13:22:50.660,136.842447,43.0300527,-81.292976,285.92
2025-03-13 13:22:50.897,137.078721,43.0300562,-81.29297009999999,285.91
2025-03-13 13:22:51.157,137.338655,43.030059699999995,-81.2929644,285.92
2025-03-13 13:22:52.318,138.499758,43.030063399999996,-81.29295859999999,285.92
2025-03-13 13:22:52.332,138.513977,43.0300671,-81.2929529,285.91
2025-03-13 13:22:52.347,138.529395,43.030070699999996,-81.2929472,285.92
2025-03-13 13:22:52.364,138.545973,43.0300744,-81.2929413,285.95
2025-03-13 13:22:52.457,138.639115,43.030077999999996,-81.29293559999999,286.0
2025-03-13 13:22:52.737,138.919226,43.030081599999995,-81.29293,286.02
2025-03-13 13:22:52.997,139.178993,43.0300848,-81.2929257,286.03
2025-03-13 13:22:53.327,139.50865,43.0300882,-81.2929225,286.01
2025-03-13 13:22:53.560,139.741808,43.0300912,-81.2929207,286.0
2025-03-13 13:22:53.848,140.029792,43.0300941,-81.2929204,286.02
2025-03-13 13:22:54.084,140.266491,43.030096799999995,-81.2929212,286.04
2025-03-13 13:22:54.329,140.511199,43.0300995,-81.2929233,286.03
2025-03-13 13:22:54.590,140.772311,43.0301021,-81.2929262,286.01
2025-03-13 13:22:54.850,141.031907,43.0301049,-81.2929297,285.98
2025-03-13 13:22:55.110,141.291708,43.030107699999995,-81.2929332,285.96
2025-03-13 13:22:55.370,141.551545,43.0301104,-81.29293659999999,285.93
2025-03-13 13:22:55.630,141.811661,43.0301133,-81.29294019999999,285.91
2025-03-13 13:22:55.890,142.072161,43.0301165,-81.2929439,285.89
2025-03-13 13:22:56.201,142.382823,43.0301197,-81.2929478,285.89
2025-03-13 13:22:56.458,142.639862,43.0301222,-81.2929509,285.92
2025-03-13 13:22:56.839,143.021296,43.0301239,-81.29295379999999,285.96
2025-03-13 13:22:56.957,143.138663,43.0301249,-81.2929566,285.98
2025-03-13 13:22:57.210,143.391539,43.030124799999996,-81.2929595,285.96
2025-03-13 13:22:57.469,143.651447,43.030123599999996,-81.2929632,285.93
2025-03-13 13:22:57.730,143.911814,43.030121199999996,-81.2929679,285.94
2025-03-13 13:22:57.990,144.171971,43.030118099999996,-81.2929728,285.96
2025-03-13 13:22:58.249,144.431338,43.0301147,-81.2929776,285.96
2025-03-13 13:22:58.509,144.691324,43.0301113,-81.2929821,285.94
2025-03-13 13:22:58.758,144.939509,43.030108299999995,-81.2929865,285.91
2025-03-13 13:22:59.068,145.250393,43.0301054,-81.29299139999999,285.89
2025-03-13 13:22:59.308,145.489845,43.030102899999996,-81.2929961,285.86
2025-03-13 13:22:59.567,145.748768,43.0301007,-81.2930009,285.84
2025-03-13 13:22:59.817,145.999471,43.0300985,-81.2930057,285.82
2025-03-13 13:23:00.078,146.260056,43.030096199999996,-81.2930106,285.81
2025-03-13 13:23:00.338,146.519532,43.0300939,-81.2930155,285.81
2025-03-13 13:23:00.597,146.779477,43.0300917,-81.2930203,285.79
2025-03-13 13:23:00.858,147.039512,43.030089499999995,-81.29302539999999,285.77
2025-03-13 13:23:01.118,147.299544,43.030086999999995,-81.293031,285.77
2025-03-13 13:23:01.378,147.560298,43.030084099999996,-81.29303709999999,285.78
2025-03-13 13:23:01.637,147.819348,43.0300807,-81.29304379999999,285.8
2025-03-13 13:23:02.785,148.966959,43.030077299999995,-81.2930504,285.8
2025-03-13 13:23:02.799,148.980715,43.0300744,-81.29305599999999,285.79
2025-03-13 13:23:02.814,148.996303,43.0300717,-81.2930616,285.78
2025-03-13 13:23:02.830,149.011553,43.0300692,-81.2930666,285.77
2025-03-13 13:23:02.957,149.13924,43.0300672,-81.2930707,285.76
2025-03-13 13:23:03.217,149.399433,43.0300649,-81.2930751,285.79
2025-03-13 13:23:03.478,149.659591,43.030062199999996,-81.29307969999999,285.83
2025-03-13 13:23:03.737,149.919413,43.0300592,-81.2930847,285.87
2025-03-13 13:23:03.997,150.178977,43.0300559,-81.2930899,285.89
2025-03-13 13:23:04.257,150.439158,43.030052399999995,-81.29309529999999,285.91
2025-03-13 13:23:04.517,150.699352,43.0300486,-81.29310079999999,285.92
2025-03-13 13:23:04.831,151.013344,43.0300446,-81.2931067,285.93
2025-03-13 13:23:05.068,151.249768,43.0300407,-81.29311229999999,285.93
2025-03-13 13:23:05.326,151.508212,43.0300369,-81.2931182,285.93
2025-03-13 13:23:05.578,151.759823,43.030032999999996,-81.29312399999999,285.94
2025-03-13 13:23:05.837,152.018939,43.0300292,-81.2931297,285.95
2025-03-13 13:23:06.097,152.278657,43.030025599999995,-81.29313549999999,285.96
2025-03-13 13:23:06.357,152.538958,43.0300219,-81.2931412,285.95
2025-03-13 13:23:06.617,152.798928,43.0300185,-81.2931469,285.93
2025-03-13 13:23:06.877,153.059299,43.030015399999996,-81.2931526,285.9
2025-03-13 13:23:07.137,153.319138,43.030012299999996,-81.2931583,285.9
2025-03-13 13:23:07.396,153.578394,43.0300089,-81.2931641,285.89
2025-03-13 13:23:07.707,153.889106,43.0300051,-81.2931704,285.89
2025-03-13 13:23:07.947,154.129127,43.0300017,-81.2931763,285.88
2025-03-13 13:23:08.207,154.388662,43.0299984,-81.293182,285.87
2025-03-13 13:23:08.456,154.638089,43.0299948,-81.2931878,285.89
2025-03-13 13:23:08.716,154.898181,43.0299911,-81.2931938,285.9
2025-03-13 13:23:08.977,155.158869,43.029987399999996,-81.2931998,285.9
2025-03-13 13:23:09.236,155.418016,43.0299839,-81.2932056,285.89
2025-03-13 13:23:09.496,155.67799,43.029980599999995,-81.29321159999999,285.88
2025-03-13 13:23:09.756,155.937999,43.029977599999995,-81.2932177,285.87
2025-03-13 13:23:10.016,156.198047,43.029974599999996,-81.2932239,285.86
2025-03-13 13:23:10.277,156.458676,43.0299717,-81.2932297,285.85
2025-03-13 13:23:10.588,156.769604,43.0299688,-81.2932354,285.85
2025-03-13 13:23:10.831,157.012516,43.029966599999995,-81.2932403,285.86
2025-03-13 13:23:11.086,157.267798,43.0299652,-81.2932447,285.88
2025-03-13 13:23:11.336,157.517878,43.0299646,-81.2932484,285.89
2025-03-13 13:23:11.596,157.777951,43.029964799999995,-81.2932512,285.88
2025-03-13 13:23:11.856,158.037888,43.0299659,-81.2932534,285.88
2025-03-13 13:23:12.116,158.297925,43.0299677,-81.2932555,285.9
2025-03-13 13:23:12.376,158.558438,43.0299699,-81.2932581,285.94
2025-03-13 13:23:12.636,158.817738,43.0299725,-81.29326119999999,285.97
2025-03-13 13:23:12.896,159.078146,43.0299753,-81.2932646,286.01
2025-03-13 13:23:13.156,159.337817,43.0299786,-81.2932684,286.05
2025-03-13 13:23:13.467,159.649247,43.029982499999996,-81.2932728,286.07
2025-03-13 13:23:13.708,159.889801,43.029986199999996,-81.2932768,286.07
2025-03-13 13:23:13.966,160.147574,43.029989799999996,-81.2932807,286.07
2025-03-13 13:23:14.216,160.39761,43.0299931,-81.29328369999999,286.06
2025-03-13 13:23:14.476,160.658296,43.029996,-81.2932853,286.07
2025-03-13 13:23:14.736,160.917616,43.0299985,-81.2932853,286.08
2025-03-13 13:23:14.996,161.177569,43.0300005,-81.29328389999999,286.1
2025-03-13 13:23:15.256,161.437919,43.030002499999995,-81.2932816,286.1
2025-03-13 13:23:15.515,161.697453,43.0300046,-81.2932787,286.09
2025-03-13 13:23:15.779,161.961169,43.030007,-81.2932757,286.07
2025-03-13 13:23:16.036,162.218011,43.0300097,-81.2932725,286.05
2025-03-13 13:23:16.347,162.52928,43.0300128,-81.2932687,286.04
2025-03-13 13:23:16.606,162.788106,43.030015899999995,-81.2932649,286.04
2025-03-13 13:23:16.859,163.041304,43.0300192,-81.293261,286.04
2025-03-13 13:23:17.106,163.288314,43.0300228,-81.2932568,286.04
2025-03-13 13:23:17.380,163.561773,43.030026899999996,-81.2932518,286.03
2025-03-13 13:23:17.640,163.82175,43.0300307,-81.2932472,286.01
2025-03-13 13:23:17.920,164.101826,43.030034799999996,-81.2932421,286.0
2025-03-13 13:23:18.180,164.362094,43.030038399999995,-81.2932373,285.99
2025-03-13 13:23:18.440,164.62198,43.030041999999995,-81.2932324,285.98
2025-03-13 13:23:18.735,164.917324,43.030045799999996,-81.2932269,285.96
2025-03-13 13:23:18.995,165.177411,43.030049,-81.29322189999999,285.94
2025-03-13 13:23:19.280,165.461901,43.0300525,-81.2932161,285.94
2025-03-13 13:23:19.544,165.725627,43.0300557,-81.2932106,285.93
2025-03-13 13:23:19.783,165.96547,43.0300589,-81.29320539999999,285.93
2025-03-13 13:23:20.041,166.222782,43.030062099999995,-81.29320009999999,285.93
2025-03-13 13:23:20.320,166.502473,43.030065799999996,-81.29319439999999,285.93
2025-03-13 13:23:20.577,166.759196,43.0300693,-81.2931892,285.93
2025-03-13 13:23:20.837,167.018655,43.0300729,-81.2931837,285.92
2025-03-13 13:23:21.097,167.278982,43.0300763,-81.29317789999999,285.92
2025-03-13 13:23:21.372,167.554035,43.0300795,-81.293172,285.92
2025-03-13 13:23:21.631,167.813072,43.0300827,-81.2931663,285.92
2025-03-13 13:23:21.878,168.05972,43.030085899999996,-81.2931605,285.93
2025-03-13 13:23:22.173,168.355375,43.0300893,-81.2931545,285.94
2025-03-13 13:23:22.433,168.614874,43.030092599999996,-81.29314889999999,285.94
2025-03-13 13:23:22.698,168.880061,43.0300961,-81.2931426,285.93
2025-03-13 13:23:22.958,169.139772,43.0300994,-81.29313669999999,285.92
2025-03-13 13:23:23.217,169.399319,43.0301026,-81.2931306,285.91
2025-03-13 13:23:23.478,169.659734,43.0301058,-81.2931244,285.9
2025-03-13 13:23:23.738,169.919641,43.030108999999996,-81.2931184,285.91
2025-03-13 13:23:24.013,170.195128,43.0301121,-81.29311249999999,285.92
2025-03-13 13:23:24.272,170.454342,43.0301152,-81.2931067,285.94
2025-03-13 13:23:24.518,170.700235,43.0301184,-81.29310079999999,285.95
2025-03-13 13:23:24.782,170.96369,43.0301216,-81.29309479999999,285.95
2025-03-13 13:23:25.094,171.275999,43.030125399999996,-81.2930879,285.95
2025-03-13 13:23:25.353,171.534859,43.0301289,-81.293082,285.95
2025-03-13 13:23:25.598,171.78011,43.030132599999995,-81.2930762,285.96
2025-03-13 13:23:25.860,172.042061,43.030136399999996,-81.29307039999999,285.95
2025-03-13 13:23:26.118,172.299798,43.030139999999996,-81.2930643,285.93
2025-03-13 13:23:26.379,172.560512,43.030143599999995,-81.29305819999999,285.92
2025-03-13 13:23:26.653,172.834863,43.030147199999995,-81.293052,285.92
2025-03-13 13:23:26.912,173.094445,43.0301506,-81.2930461,285.91
2025-03-13 13:23:27.158,173.339912,43.030153999999996,-81.29304049999999,285.92
2025-03-13 13:23:27.418,173.600233,43.0301572,-81.2930351,285.94
2025-03-13 13:23:27.678,173.860381,43.030160099999996,-81.2930303,285.99
2025-03-13 13:23:29.043,175.225362,43.0301629,-81.29302559999999,286.12
2025-03-13 13:23:29.057,175.238881,43.0301651,-81.2930219,286.29
2025-03-13 13:23:29.071,175.252521,43.030167,-81.2930188,286.51
2025-03-13 13:23:29.086,175.267702,43.0301684,-81.29301629999999,286.79
2025-03-13 13:23:29.101,175.283397,43.0301694,-81.2930143,287.1
2025-03-13 13:23:29.258,175.440466,43.0301701,-81.2930128,287.33
2025-03-13 13:23:29.533,175.715453,43.030170399999996,-81.2930116,287.46
2025-03-13 13:23:29.795,175.977264,43.03017,-81.29301099999999,287.54
2025-03-13 13:23:30.038,176.220449,43.030169099999995,-81.2930107,287.59
2025-03-13 13:23:30.298,176.480455,43.0301677,-81.2930105,287.63
2025-03-13 13:23:30.558,176.7402,43.0301657,-81.29301029999999,287.66
2025-03-13 13:23:30.844,177.025955,43.030162999999995,-81.2930102,287.69
2025-03-13 13:23:31.103,177.284838,43.030159999999995,-81.29301009999999,287.71
2025-03-13 13:23:31.358,177.540196,43.0301568,-81.2930098,287.71
2025-03-13 13:23:31.618,177.800163,43.030153,-81.2930095,287.71
2025-03-13 13:23:31.879,178.060752,43.0301487,-81.2930092,287.71
2025-03-13 13:23:32.138,178.320284,43.0301441,-81.2930086,287.71
2025-03-13 13:23:32.413,178.595086,43.0301392,-81.2930081,287.71
2025-03-13 13:23:32.672,178.854252,43.030134499999996,-81.2930076,287.71
2025-03-13 13:23:32.921,179.10338,43.030129599999995,-81.2930071,287.72
2025-03-13 13:23:34.122,180.304207,43.0301244,-81.2930069,287.72
2025-03-13 13:23:34.136,180.317834,43.0301192,-81.2930063,287.72
2025-03-13 13:23:34.150,180.332184,43.0301134,-81.29300529999999,287.73
2025-03-13 13:23:34.165,180.347212,43.0301076,-81.2930042,287.74
2025-03-13 13:23:34.238,180.419881,43.0301018,-81.293003,287.76
2025-03-13 13:23:34.498,180.679873,43.030096,-81.2930021,287.77
2025-03-13 13:23:34.758,180.939832,43.0300903,-81.2930013,287.78
2025-03-13 13:23:35.018,181.19996,43.0300845,-81.2930007,287.78
2025-03-13 13:23:35.294,181.475777,43.030078599999996,-81.29299979999999,287.79
2025-03-13 13:23:35.561,181.743386,43.0300729,-81.2929989,287.81
2025-03-13 13:23:35.801,181.982679,43.0300672,-81.292998,287.84
2025-03-13 13:23:36.058,182.239864,43.0300614,-81.2929971,287.86
2025-03-13 13:23:36.318,182.499997,43.030055499999996,-81.2929961,287.87
2025-03-13 13:23:36.604,182.786138,43.0300491,-81.2929951,287.88
2025-03-13 13:23:36.863,183.04475,43.0300432,-81.2929941,287.88
2025-03-13 13:23:37.121,183.302785,43.0300373,-81.2929932,287.89
2025-03-13 13:23:37.378,183.560389,43.0300314,-81.2929924,287.9
2025-03-13 13:23:37.638,183.819582,43.030025599999995,-81.2929915,287.9
2025-03-13 13:23:37.898,184.079568,43.0300198,-81.2929906,287.9
2025-03-13 13:23:38.181,184.363438,43.0300139,-81.29298949999999,287.9
2025-03-13 13:23:38.432,184.613851,43.030008099999996,-81.29298849999999,287.92
2025-03-13 13:23:38.678,184.860188,43.0300023,-81.2929875,287.93
2025-03-13 13:23:38.938,185.119593,43.0299966,-81.2929865,287.94
2025-03-13 13:23:39.197,185.379476,43.0299909,-81.2929855,287.94
2025-03-13 13:23:39.483,185.665386,43.029984899999995,-81.2929846,287.93
2025-03-13 13:23:39.742,185.924473,43.0299793,-81.2929839,287.93
2025-03-13 13:23:39.997,186.179463,43.0299737,-81.2929831,287.93
2025-03-13 13:23:40.257,186.439414,43.0299681,-81.29298229999999,287.93
2025-03-13 13:23:40.517,186.699302,43.0299626,-81.2929814,287.93
2025-03-13 13:23:40.781,186.963001,43.0299571,-81.29298059999999,287.93
2025-03-13 13:23:41.052,187.234386,43.0299513,-81.2929796,287.93
2025-03-13 13:23:41.312,187.494008,43.0299456,-81.29297869999999,287.92
2025-03-13 13:23:41.557,187.739333,43.029939899999995,-81.2929778,287.92
2025-03-13 13:23:41.817,187.999358,43.0299343,-81.2929769,287.93
2025-03-13 13:23:42.079,188.260677,43.0299287,-81.29297609999999,287.92
2025-03-13 13:23:42.363,188.545066,43.0299225,-81.2929754,287.93
2025-03-13 13:23:42.623,188.804639,43.029916899999996,-81.2929746,287.94
2025-03-13 13:23:42.878,189.060045,43.029911399999996,-81.29297369999999,287.94
2025-03-13 13:23:43.137,189.319239,43.029905899999996,-81.2929729,287.94
2025-03-13 13:23:43.397,189.579368,43.029900399999995,-81.2929722,287.93
2025-03-13 13:23:43.657,189.83911,43.029894999999996,-81.2929717,287.92
2025-03-13 13:23:43.932,190.114263,43.0298898,-81.29297129999999,287.91
2025-03-13 13:23:44.191,190.373105,43.0298849,-81.2929709,287.92
2025-03-13 13:23:44.437,190.619059,43.029880399999996,-81.2929705,287.92
2025-03-13 13:23:44.697,190.879031,43.0298764,-81.29297009999999,287.91
2025-03-13 13:23:44.957,191.139026,43.0298732,-81.2929697,287.91
2025-03-13 13:23:45.243,191.425371,43.029870599999995,-81.2929691,287.91
2025-03-13 13:23:45.502,191.68369,43.0298689,-81.2929687,287.93
2025-03-13 13:23:45.757,191.938943,43.0298678,-81.2929687,287.93
2025-03-13 13:23:46.018,192.199991,43.029866999999996,-81.2929687,287.95
2025-03-13 13:23:46.277,192.45943,43.0298667,-81.2929686,287.97
2025-03-13 13:23:46.537,192.718944,43.0298666,-81.29296839999999,287.99
2025-03-13 13:23:46.815,192.996778,43.0298668,-81.2929683,288.01
2025-03-13 13:23:47.071,193.252811,43.0298671,-81.2929683,288.02
2025-03-13 13:23:47.324,193.506044,43.029867499999995,-81.2929683,288.02
2025-03-13 13:23:47.580,193.762112,43.0298679,-81.29296819999999,288.03
2025-03-13 13:23:47.837,194.018722,43.029868099999995,-81.2929679,288.03
2025-03-13 13:23:48.123,194.305049,43.0298683,-81.2929676,288.02
2025-03-13 13:23:48.382,194.563582,43.0298686,-81.2929676,288.01
2025-03-13 13:23:48.637,194.818598,43.0298687,-81.2929678,288.0
2025-03-13 13:23:48.909,195.091345,43.0298687,-81.2929681,287.99
2025-03-13 13:23:49.168,195.350412,43.0298685,-81.29296819999999,287.98
2025-03-13 13:23:49.463,195.645232,43.0298685,-81.29296819999999,287.97
2025-03-13 13:23:49.724,195.906236,43.0298684,-81.2929683,287.94
2025-03-13 13:23:49.980,196.16241,43.029868199999996,-81.2929683,287.88
2025-03-13 13:23:50.245,196.427128,43.029868,-81.2929683,287.77
2025-03-13 13:23:50.505,196.68735,43.0298679,-81.2929681,287.62
2025-03-13 13:23:50.765,196.946907,43.0298679,-81.2929679,287.45
2025-03-13 13:23:51.051,197.233311,43.0298678,-81.2929679,287.29
2025-03-13 13:23:51.311,197.493093,43.0298679,-81.292968,287.15
2025-03-13 13:23:51.538,197.719506,43.0298677,-81.29296819999999,287.02
2025-03-13 13:23:51.799,197.981442,43.029867499999995,-81.2929683,286.9
2025-03-13 13:23:52.093,198.274575,43.029867499999995,-81.29296819999999,286.78
2025-03-13 13:23:52.351,198.53284,43.029867499999995,-81.2929679,286.64
2025-03-13 13:23:52.597,198.778913,43.029867599999996,-81.2929674,286.5
2025-03-13 13:23:52.857,199.039098,43.029867599999996,-81.29296699999999,286.35
2025-03-13 13:23:53.117,199.299365,43.029867599999996,-81.29296699999999,286.23
2025-03-13 13:23:53.377,199.559272,43.029867599999996,-81.2929669,286.11
2025-03-13 13:23:53.637,199.818588,43.029867599999996,-81.2929668,285.98
2025-03-13 13:23:53.930,200.111573,43.0298677,-81.2929667,285.83
2025-03-13 13:23:54.182,200.363528,43.0298677,-81.2929668,285.72
2025-03-13 13:23:54.437,200.618623,43.029867599999996,-81.2929668,285.59
2025-03-13 13:23:54.697,200.878565,43.029867599999996,-81.2929669,285.46
2025-03-13 13:23:54.972,201.153718,43.0298677,-81.2929671,285.33
2025-03-13 13:23:55.231,201.412974,43.0298678,-81.2929673,285.21
2025-03-13 13:23:55.477,201.659098,43.0298678,-81.2929679,285.08
2025-03-13 13:23:55.736,201.918424,43.0298678,-81.2929683,284.95
2025-03-13 13:23:56.001,202.182925,43.0298679,-81.2929686,284.82
2025-03-13 13:23:56.260,202.442328,43.0298677,-81.2929688,284.68
2025-03-13 13:23:56.520,202.702468,43.0298677,-81.2929687,284.53
2025-03-13 13:23:56.811,202.99307,43.0298678,-81.2929683,284.38
2025-03-13 13:23:57.070,203.251919,43.0298677,-81.2929678,284.24
2025-03-13 13:23:57.316,203.498431,43.029867599999996,-81.2929674,284.1
2025-03-13 13:23:57.577,203.759047,43.029868,-81.2929676,283.99
2025-03-13 13:23:57.861,204.042586,43.0298685,-81.292968,283.84
2025-03-13 13:23:58.123,204.305399,43.029868799999996,-81.2929681,283.72
2025-03-13 13:23:58.393,204.575144,43.0298686,-81.2929681,283.59
2025-03-13 13:23:58.648,204.829816,43.0298684,-81.292968,283.45
2025-03-13 13:23:58.927,205.109295,43.029868099999995,-81.2929678,283.32
2025-03-13 13:23:59.156,205.338344,43.029868,-81.2929678,283.19
2025-03-13 13:23:59.416,205.598478,43.029868,-81.29296769999999,283.06
2025-03-13 13:23:59.703,205.884814,43.029868,-81.29296769999999,282.94
2025-03-13 13:23:59.970,206.151839,43.0298679,-81.2929674,282.81
2025-03-13 13:24:00.217,206.398721,43.0298678,-81.29296719999999,282.69
2025-03-13 13:24:00.493,206.67457,43.0298677,-81.29296719999999,282.55
2025-03-13 13:24:00.751,206.933027,43.0298677,-81.29296719999999,282.41
2025-03-13 13:24:00.997,207.178646,43.029867499999995,-81.29296699999999,282.29
2025-03-13 13:24:01.257,207.438613,43.029867499999995,-81.2929667,282.17
2025-03-13 13:24:01.517,207.698637,43.029867499999995,-81.29296649999999,282.04
2025-03-13 13:24:01.780,207.962231,43.029867599999996,-81.2929666,281.9
2025-03-13 13:24:02.037,208.218646,43.029867599999996,-81.2929667,281.76
2025-03-13 13:24:02.297,208.47864,43.029867599999996,-81.2929667,281.63
2025-03-13 13:24:02.583,208.765342,43.0298677,-81.2929669,281.49
2025-03-13 13:24:02.850,209.03228,43.0298679,-81.2929671,281.36
2025-03-13 13:24:03.097,209.278544,43.029868099999995,-81.2929674,281.25
2025-03-13 13:24:04.368,210.550073,43.0298683,-81.2929676,281.12
2025-03-13 13:24:04.388,210.570159,43.0298684,-81.2929678,280.99
2025-03-13 13:24:04.405,210.587497,43.0298685,-81.292968,280.86
2025-03-13 13:24:04.422,210.603841,43.0298685,-81.2929681,280.72
2025-03-13 13:24:04.442,210.623611,43.0298685,-81.292968,280.6
2025-03-13 13:24:04.657,210.838853,43.0298687,-81.2929676,280.47
2025-03-13 13:24:05.948,212.130477,43.0298689,-81.29296719999999,280.31
2025-03-13 13:24:05.962,212.144008,43.0298689,-81.29296699999999,280.16
2025-03-13 13:24:05.976,212.158336,43.0298687,-81.2929668,280.0
2025-03-13 13:24:05.991,212.173443,43.0298684,-81.2929666,279.85
2025-03-13 13:24:06.012,212.193556,43.029868099999995,-81.2929664,279.72
2025-03-13 13:24:06.270,212.452145,43.029868,-81.2929661,279.58
2025-03-13 13:24:06.516,212.698372,43.029868,-81.29296579999999,279.43
2025-03-13 13:24:06.780,212.961988,43.0298679,-81.2929656,279.29
2025-03-13 13:24:07.036,213.218193,43.0298678,-81.2929652,279.21
2025-03-13 13:24:07.296,213.478267,43.029867499999995,-81.2929648,279.16
2025-03-13 13:24:07.560,213.741983,43.0298674,-81.29296459999999,279.1
2025-03-13 13:24:07.816,213.998183,43.0298674,-81.2929647,279.04
2025-03-13 13:24:08.077,214.25879,43.029867499999995,-81.2929647,278.98
2025-03-13 13:24:08.363,214.544518,43.029867499999995,-81.2929647,278.93
2025-03-13 13:24:08.629,214.81145,43.029867599999996,-81.2929647,278.89
2025-03-13 13:24:08.892,215.073828,43.0298677,-81.2929648,278.85
2025-03-13 13:24:09.136,215.31823,43.0298678,-81.2929648,278.82
2025-03-13 13:24:09.376,215.558103,43.029868,-81.2929649,278.79
2025-03-13 13:24:09.616,215.798117,43.029868,-81.2929649,278.77
2025-03-13 13:24:09.859,216.041408,43.029868,-81.2929649,278.74
2025-03-13 13:24:10.096,216.277801,43.029868,-81.2929648,278.72
2025-03-13 13:24:10.336,216.518054,43.029868099999995,-81.2929648,278.69
2025-03-13 13:24:10.576,216.758,43.029868199999996,-81.2929648,278.66
2025-03-13 13:24:10.816,216.997914,43.0298683,-81.2929648,278.63
2025-03-13 13:24:11.056,217.237823,43.0298684,-81.2929647,278.6
2025-03-13 13:24:11.296,217.477864,43.0298686,-81.2929645,278.56
2025-03-13 13:24:11.536,217.71771,43.0298687,-81.2929643,278.53
2025-03-13 13:24:11.776,217.958157,43.0298689,-81.29296409999999,278.5
2025-03-13 13:24:12.016,218.19795,43.029869,-81.292964,278.48
2025-03-13 13:24:12.256,218.437653,43.0298692,-81.29296389999999,278.46
2025-03-13 13:24:12.499,218.681455,43.0298693,-81.2929638,278.44
2025-03-13 13:24:12.736,218.917684,43.0298696,-81.2929637,278.43
2025-03-13 13:24:12.976,219.157734,43.0298697,-81.2929635,278.41
2025-03-13 13:24:13.216,219.397617,43.0298698,-81.29296339999999,278.4
2025-03-13 13:24:13.456,219.637618,43.0298698,-81.2929632,278.37
2025-03-13 13:24:13.696,219.877549,43.0298698,-81.2929631,278.35
2025-03-13 13:24:13.936,220.118046,43.0298698,-81.292963,278.34
2025-03-13 13:24:14.176,220.357579,43.0298698,-81.292963,278.33
2025-03-13 13:24:14.416,220.597602,43.0298697,-81.29296289999999,278.32
2025-03-13 13:24:14.656,220.837726,43.0298697,-81.29296269999999,278.31
2025-03-13 13:24:14.896,221.077927,43.0298698,-81.2929626,278.31
2025-03-13 13:24:15.139,221.32105,43.029869999999995,-81.2929626,278.31
2025-03-13 13:24:15.376,221.557713,43.0298701,-81.2929626,278.3
2025-03-13 13:24:15.616,221.797755,43.0298702,-81.2929625,278.3
2025-03-13 13:24:15.856,222.037922,43.0298702,-81.2929624,278.29
2025-03-13 13:24:16.095,222.27744,43.0298702,-81.29296219999999,278.28
2025-03-13 13:24:16.335,222.51731,43.0298701,-81.2929619,278.27
2025-03-13 13:24:16.576,222.757528,43.0298701,-81.2929616,278.27
2025-03-13 13:24:16.815,222.997363,43.0298701,-81.2929613,278.26
2025-03-13 13:24:17.055,223.23725,43.0298702,-81.29296099999999,278.26
2025-03-13 13:24:17.295,223.477225,43.0298703,-81.2929607,278.26
2025-03-13 13:24:17.535,223.717396,43.0298704,-81.29296049999999,278.26
2025-03-13 13:24:17.781,223.963475,43.0298704,-81.2929604,278.28
2025-03-13 13:24:18.015,224.19719,43.0298704,-81.2929602,278.28
2025-03-13 13:24:18.255,224.437126,43.0298704,-81.2929601,278.28
2025-03-13 13:24:18.495,224.677128,43.0298704,-81.2929599,278.28
2025-03-13 13:24:18.735,224.91707,43.0298704,-81.2929599,278.28
2025-03-13 13:24:18.975,225.157326,43.0298705,-81.29295979999999,278.29
2025-03-13 13:24:19.215,225.397228,43.0298704,-81.29295979999999,278.29
2025-03-13 13:24:19.455,225.637344,43.0298703,-81.2929597,278.29
2025-03-13 13:24:19.695,225.876982,43.0298703,-81.2929596,278.29
2025-03-13 13:24:19.935,226.117178,43.0298703,-81.2929595,278.28
2025-03-13 13:24:20.175,226.35719,43.0298702,-81.2929594,278.29
2025-03-13 13:24:20.419,226.600986,43.0298702,-81.2929594,278.29
2025-03-13 13:24:20.655,226.836963,43.0298701,-81.2929595,278.31
2025-03-13 13:24:20.895,227.076902,43.0298701,-81.2929596,278.32
2025-03-13 13:24:21.135,227.316834,43.029869999999995,-81.2929596,278.33
2025-03-13 13:24:21.375,227.556873,43.0298699,-81.2929596,278.33
2025-03-13 13:24:21.615,227.796958,43.0298698,-81.2929595,278.34
2025-03-13 13:24:21.855,228.036864,43.0298698,-81.2929592,278.34
2025-03-13 13:24:22.095,228.276828,43.0298698,-81.29295909999999,278.35
2025-03-13 13:24:22.335,228.516746,43.0298698,-81.2929589,278.36
2025-03-13 13:24:22.575,228.756888,43.0298698,-81.2929588,278.37
2025-03-13 13:24:22.815,228.997027,43.0298697,-81.2929588,278.37
2025-03-13 13:24:23.058,229.24013,43.0298697,-81.2929589,278.38
2025-03-13 13:24:23.295,229.476752,43.0298696,-81.292959,278.38
2025-03-13 13:24:23.535,229.716841,43.0298696,-81.292959,278.39
2025-03-13 13:24:23.775,229.956828,43.0298696,-81.2929592,278.4
2025-03-13 13:24:24.015,230.196776,43.0298696,-81.29295929999999,278.41
2025-03-13 13:24:24.255,230.436823,43.0298696,-81.2929592,278.43
2025-03-13 13:24:24.495,230.677275,43.0298696,-81.29295909999999,278.45
2025-03-13 13:24:24.735,230.916638,43.0298696,-81.2929589,278.46
2025-03-13 13:24:24.975,231.156712,43.0298696,-81.2929588,278.47
2025-03-13 13:24:25.215,231.396525,43.0298696,-81.2929588,278.48
2025-03-13 13:24:25.455,231.636545,43.0298696,-81.2929588,278.48
2025-03-13 13:24:25.698,231.880024,43.0298695,-81.2929587,278.49
2025-03-13 13:24:25.935,232.116805,43.0298695,-81.2929587,278.5
2025-03-13 13:24:26.175,232.35653,43.029869399999995,-81.29295859999999,278.5
2025-03-13 13:24:26.414,232.596473,43.0298693,-81.2929585,278.51
2025-03-13 13:24:26.655,232.836569,43.0298692,-81.2929585,278.52
2025-03-13 13:24:26.894,233.076465,43.0298692,-81.2929583,278.53
2025-03-13 13:24:27.135,233.316526,43.0298692,-81.2929582,278.54
2025-03-13 13:24:27.374,233.556422,43.0298692,-81.2929582,278.56
2025-03-13 13:24:27.614,233.796281,43.0298692,-81.2929583,278.57
2025-03-13 13:24:27.857,234.039268,43.0298692,-81.2929584,278.57
2025-03-13 13:24:28.095,234.276937,43.0298692,-81.29295859999999,278.57
2025-03-13 13:24:28.339,234.520593,43.0298691,-81.2929589,278.57
2025-03-13 13:24:28.575,234.757157,43.0298691,-81.29295909999999,278.57
2025-03-13 13:24:28.815,234.996722,43.029869,-81.29295929999999,278.56
2025-03-13 13:24:29.055,235.236939,43.0298689,-81.2929594,278.56
2025-03-13 13:24:29.295,235.476806,43.0298689,-81.2929595,278.55
2025-03-13 13:24:29.535,235.716768,43.0298689,-81.2929597,278.55
2025-03-13 13:24:29.775,235.957184,43.0298689,-81.29295979999999,278.55
2025-03-13 13:24:30.015,236.197028,43.029868799999996,-81.29296,278.55
2025-03-13 13:24:30.255,236.436739,43.029868799999996,-81.29296029999999,278.55
2025-03-13 13:24:30.495,236.676711,43.0298687,-81.2929604,278.54
2025-03-13 13:24:30.735,236.9167,43.0298686,-81.29296049999999,278.53
2025-03-13 13:24:30.978,237.160321,43.0298685,-81.2929608,278.52
2025-03-13 13:24:31.215,237.396727,43.0298684,-81.2929609,278.51
2025-03-13 13:24:31.455,237.636802,43.029868199999996,-81.29296099999999,278.5
2025-03-13 13:24:31.695,237.87676,43.029868099999995,-81.2929612,278.49
2025-03-13 13:24:31.935,238.11671,43.029868199999996,-81.29296149999999,278.49
2025-03-13 13:24:32.175,238.356534,43.029868199999996,-81.2929618,278.5
2025-03-13 13:24:32.415,238.596576,43.0298683,-81.292962,278.5
2025-03-13 13:24:32.655,238.836527,43.0298683,-81.2929621,278.5
2025-03-13 13:24:32.895,239.076819,43.0298683,-81.2929623,278.5
2025-03-13 13:24:33.135,239.316641,43.0298683,-81.2929624,278.51
2025-03-13 13:24:33.375,239.55675,43.0298683,-81.2929625,278.51
2025-03-13 13:24:33.618,239.800089,43.0298683,-81.2929626,278.52
2025-03-13 13:24:33.854,240.036384,43.0298683,-81.2929628,278.52
2025-03-13 13:24:34.094,240.276296,43.0298683,-81.2929628,278.53
